{"v":"5.6.5","fr":30,"ip":0,"op":210,"w":1920,"h":1080,"nm":"2-Sobrepeso-Ing","ddd":0,"assets":[{"id":"image_0","w":127,"h":247,"u":"images/","p":"img_0.png","e":0},{"id":"image_1","w":169,"h":73,"u":"images/","p":"img_1.png","e":0},{"id":"image_2","w":103,"h":69,"u":"images/","p":"img_2.png","e":0},{"id":"image_3","w":127,"h":18,"u":"images/","p":"img_3.png","e":0},{"id":"image_4","w":118,"h":19,"u":"images/","p":"img_4.png","e":0},{"id":"image_5","w":119,"h":28,"u":"images/","p":"img_5.png","e":0},{"id":"image_6","w":119,"h":44,"u":"images/","p":"img_6.png","e":0},{"id":"image_7","w":57,"h":15,"u":"images/","p":"img_7.png","e":0},{"id":"image_8","w":30,"h":52,"u":"images/","p":"img_8.png","e":0},{"id":"image_9","w":181,"h":275,"u":"images/","p":"img_9.png","e":0},{"id":"image_10","w":110,"h":155,"u":"images/","p":"img_10.png","e":0},{"id":"image_11","w":40,"h":75,"u":"images/","p":"img_11.png","e":0},{"id":"image_12","w":1057,"h":361,"u":"images/","p":"img_12.png","e":0},{"id":"image_13","w":212,"h":429,"u":"images/","p":"img_13.png","e":0},{"id":"image_14","w":95,"h":124,"u":"images/","p":"img_14.png","e":0},{"id":"image_15","w":86,"h":97,"u":"images/","p":"img_15.png","e":0},{"id":"image_16","w":107,"h":127,"u":"images/","p":"img_16.png","e":0},{"id":"image_17","w":99,"h":98,"u":"images/","p":"img_17.png","e":0},{"id":"image_18","w":104,"h":69,"u":"images/","p":"img_18.png","e":0},{"id":"image_19","w":200,"h":210,"u":"images/","p":"img_19.png","e":0},{"id":"image_20","w":110,"h":88,"u":"images/","p":"img_20.png","e":0},{"id":"image_21","w":262,"h":147,"u":"images/","p":"img_21.png","e":0},{"id":"image_22","w":314,"h":477,"u":"images/","p":"img_22.png","e":0},{"id":"image_23","w":246,"h":372,"u":"images/","p":"img_23.png","e":0},{"id":"image_24","w":453,"h":453,"u":"images/","p":"img_24.png","e":0},{"id":"image_25","w":54,"h":81,"u":"images/","p":"img_25.png","e":0},{"id":"image_26","w":171,"h":102,"u":"images/","p":"img_26.png","e":0},{"id":"image_27","w":171,"h":99,"u":"images/","p":"img_27.png","e":0},{"id":"image_28","w":104,"h":229,"u":"images/","p":"img_28.png","e":0},{"id":"image_29","w":1244,"h":612,"u":"images/","p":"img_29.png","e":0},{"id":"image_30","w":874,"h":437,"u":"images/","p":"img_30.png","e":0},{"id":"comp_0","layers":[{"ddd":0,"ind":1,"ty":0,"nm":"Bajada y subida","refId":"comp_1","sr":1,"ks":{"o":{"a":0,"k":100,"ix":11},"r":{"a":1,"k":[{"i":{"x":[0.667],"y":[1]},"o":{"x":[0.333],"y":[0]},"t":0,"s":[-25.597]},{"t":14.5,"s":[0]}],"ix":10},"p":{"a":1,"k":[{"i":{"x":0.667,"y":1},"o":{"x":0.333,"y":0},"t":0,"s":[852,1268,0],"to":[18,-121.333,0],"ti":[-18,121.333,0]},{"t":14.5,"s":[960,540,0]}],"ix":2},"a":{"a":0,"k":[960,540,0],"ix":1},"s":{"a":1,"k":[{"i":{"x":[0.667,0.667,0.667],"y":[1,1,1]},"o":{"x":[0.333,0.333,0.333],"y":[0,0,0]},"t":0,"s":[100,90.439,100]},{"t":14.5,"s":[100,100,100]}],"ix":6}},"ao":0,"w":1920,"h":1080,"ip":0,"op":900,"st":0,"bm":0}]},{"id":"comp_1","layers":[{"ddd":0,"ind":1,"ty":2,"nm":"Humero der","parent":16,"refId":"image_0","sr":1,"ks":{"o":{"a":0,"k":100,"ix":11},"r":{"a":0,"k":0,"ix":10},"p":{"a":0,"k":[204.5,41.5,0],"ix":2},"a":{"a":0,"k":[71.5,21.5,0],"ix":1},"s":{"a":0,"k":[100,100,100],"ix":6}},"ao":0,"ip":0,"op":900,"st":0,"bm":0},{"ddd":0,"ind":2,"ty":2,"nm":"Antebrazo der","parent":1,"refId":"image_1","sr":1,"ks":{"o":{"a":0,"k":100,"ix":11},"r":{"a":0,"k":-19.468,"ix":10},"p":{"a":0,"k":[107,228,0],"ix":2},"a":{"a":0,"k":[150,22,0],"ix":1},"s":{"a":0,"k":[100,100,100],"ix":6}},"ao":0,"ip":0,"op":900,"st":0,"bm":0},{"ddd":0,"ind":4,"ty":2,"nm":"Mano Derecha 2","parent":2,"refId":"image_2","sr":1,"ks":{"o":{"a":0,"k":100,"ix":11},"r":{"a":0,"k":19.468,"ix":10},"p":{"a":0,"k":[20.712,53.194,0],"ix":2},"a":{"a":0,"k":[94.5,6.5,0],"ix":1},"s":{"a":0,"k":[100,100,100],"ix":6}},"ao":0,"ip":0,"op":900,"st":0,"bm":0},{"ddd":0,"ind":5,"ty":2,"nm":"Cejas","parent":12,"refId":"image_3","sr":1,"ks":{"o":{"a":0,"k":100,"ix":11},"r":{"a":0,"k":0,"ix":10},"p":{"a":1,"k":[{"i":{"x":0.667,"y":1},"o":{"x":0.333,"y":0},"t":1.5,"s":[76.5,139,0],"to":[0,2.5,0],"ti":[0,0,0]},{"i":{"x":0.667,"y":1},"o":{"x":0.333,"y":0},"t":4.009,"s":[76.5,154,0],"to":[0,0,0],"ti":[0,2.5,0]},{"i":{"x":0.833,"y":0.833},"o":{"x":0.167,"y":0.167},"t":6.519,"s":[76.5,139,0],"to":[0,0,0],"ti":[0,0,0]},{"i":{"x":0.667,"y":1},"o":{"x":0.333,"y":0},"t":58.481,"s":[76.5,139,0],"to":[0,2.5,0],"ti":[0,0,0]},{"i":{"x":0.667,"y":1},"o":{"x":0.333,"y":0},"t":60.981,"s":[76.5,154,0],"to":[0,0,0],"ti":[0,2.5,0]},{"i":{"x":0.833,"y":0.833},"o":{"x":0.167,"y":0.167},"t":63.5,"s":[76.5,139,0],"to":[0,0,0],"ti":[0,0,0]},{"i":{"x":0.667,"y":1},"o":{"x":0.333,"y":0},"t":118.5,"s":[76.5,139,0],"to":[0,2.5,0],"ti":[0,0,0]},{"i":{"x":0.667,"y":1},"o":{"x":0.333,"y":0},"t":121,"s":[76.5,154,0],"to":[0,0,0],"ti":[0,2.5,0]},{"t":123.5185546875,"s":[76.5,139,0]}],"ix":2},"a":{"a":0,"k":[63.5,9,0],"ix":1},"s":{"a":0,"k":[100,100,100],"ix":6}},"ao":0,"ip":0,"op":900,"st":0,"bm":0},{"ddd":0,"ind":6,"ty":2,"nm":"Ojos cerrados","parent":12,"refId":"image_4","sr":1,"ks":{"o":{"a":1,"k":[{"t":2.755,"s":[0],"h":1},{"t":4.009,"s":[100],"h":1},{"t":5.264,"s":[0],"h":1},{"t":59.728,"s":[0],"h":1},{"t":60.981,"s":[100],"h":1},{"t":62.481,"s":[0],"h":1},{"t":119.5,"s":[0],"h":1},{"t":121,"s":[100],"h":1},{"t":122.5,"s":[0],"h":1}],"ix":11},"r":{"a":0,"k":0,"ix":10},"p":{"a":0,"k":[78,178.5,0],"ix":2},"a":{"a":0,"k":[59,9.5,0],"ix":1},"s":{"a":0,"k":[100,100,100],"ix":6}},"ao":0,"ip":0,"op":900,"st":0,"bm":0},{"ddd":0,"ind":7,"ty":2,"nm":"Ojos medio cerrados","parent":12,"refId":"image_5","sr":1,"ks":{"o":{"a":1,"k":[{"t":1.5,"s":[0],"h":1},{"t":2.755,"s":[100],"h":1},{"t":4.009,"s":[0],"h":1},{"t":5.264,"s":[100],"h":1},{"t":6.519,"s":[0],"h":1},{"t":58.481,"s":[0],"h":1},{"t":59.736,"s":[100],"h":1},{"t":60.981,"s":[0],"h":1},{"t":62.481,"s":[100],"h":1},{"t":63.5,"s":[0],"h":1},{"t":118.5,"s":[0],"h":1},{"t":119.5,"s":[100],"h":1},{"t":121,"s":[0],"h":1},{"t":122.5,"s":[100],"h":1},{"t":123.5185546875,"s":[0],"h":1}],"ix":11},"r":{"a":0,"k":0,"ix":10},"p":{"a":0,"k":[78.5,175.5,0],"ix":2},"a":{"a":0,"k":[59.5,14,0],"ix":1},"s":{"a":0,"k":[100,100,100],"ix":6}},"ao":0,"ip":0,"op":900,"st":0,"bm":0},{"ddd":0,"ind":8,"ty":2,"nm":"Ojos","parent":12,"refId":"image_6","sr":1,"ks":{"o":{"a":1,"k":[{"t":1.5,"s":[100],"h":1},{"t":2.755,"s":[0],"h":1},{"t":5.264,"s":[0],"h":1},{"t":6.519,"s":[100],"h":1},{"t":58.481,"s":[100],"h":1},{"t":59.736,"s":[0],"h":1},{"t":62.481,"s":[0],"h":1},{"t":63.5,"s":[100],"h":1},{"t":118.5,"s":[100],"h":1},{"t":119.5,"s":[0],"h":1},{"t":122.5,"s":[0],"h":1},{"t":123.5185546875,"s":[100],"h":1}],"ix":11},"r":{"a":0,"k":0,"ix":10},"p":{"a":0,"k":[78.5,174,0],"ix":2},"a":{"a":0,"k":[59.5,22,0],"ix":1},"s":{"a":0,"k":[100,100,100],"ix":6}},"ao":0,"ip":0,"op":900,"st":0,"bm":0},{"ddd":0,"ind":9,"ty":2,"nm":"Boca cerrada","parent":12,"refId":"image_7","sr":1,"ks":{"o":{"a":0,"k":100,"ix":11},"r":{"a":0,"k":0,"ix":10},"p":{"a":0,"k":[76.5,236.5,0],"ix":2},"a":{"a":0,"k":[28.5,7.5,0],"ix":1},"s":{"a":0,"k":[100,100,100],"ix":6}},"ao":0,"ip":0,"op":900,"st":0,"bm":0},{"ddd":0,"ind":11,"ty":2,"nm":"Nariz","parent":12,"refId":"image_8","sr":1,"ks":{"o":{"a":0,"k":100,"ix":11},"r":{"a":0,"k":0,"ix":10},"p":{"a":0,"k":[70,198,0],"ix":2},"a":{"a":0,"k":[15,26,0],"ix":1},"s":{"a":0,"k":[100,100,100],"ix":6}},"ao":0,"ip":0,"op":900,"st":0,"bm":0},{"ddd":0,"ind":12,"ty":2,"nm":"Cabeza","parent":14,"refId":"image_9","sr":1,"ks":{"o":{"a":0,"k":100,"ix":11},"r":{"a":0,"k":0,"ix":10},"p":{"a":0,"k":[20,17,0],"ix":2},"a":{"a":0,"k":[97.408,267.634,0],"ix":1},"s":{"a":0,"k":[100,100,100],"ix":6}},"ao":0,"ip":0,"op":900,"st":0,"bm":0},{"ddd":0,"ind":13,"ty":2,"nm":"Cabello","parent":12,"refId":"image_10","sr":1,"ks":{"o":{"a":0,"k":100,"ix":11},"r":{"a":1,"k":[{"i":{"x":[0.667],"y":[1]},"o":{"x":[0.333],"y":[0]},"t":1.5,"s":[0]},{"i":{"x":[0.667],"y":[1]},"o":{"x":[0.333],"y":[0]},"t":4,"s":[5.853]},{"t":6.5,"s":[0]}],"ix":10},"p":{"a":0,"k":[146,145.5,0],"ix":2},"a":{"a":0,"k":[27,32.5,0],"ix":1},"s":{"a":0,"k":[100,100,100],"ix":6}},"ao":0,"ip":0,"op":900,"st":0,"bm":0},{"ddd":0,"ind":14,"ty":2,"nm":"Cuello","parent":16,"refId":"image_11","sr":1,"ks":{"o":{"a":0,"k":100,"ix":11},"r":{"a":1,"k":[{"i":{"x":[0.667],"y":[1]},"o":{"x":[0.333],"y":[0]},"t":1.5,"s":[0]},{"i":{"x":[0.667],"y":[1]},"o":{"x":[0.333],"y":[0]},"t":7,"s":[5.645]},{"i":{"x":[0.667],"y":[1]},"o":{"x":[0.333],"y":[0]},"t":86,"s":[5.645]},{"t":92.5,"s":[0.81]}],"ix":10},"p":{"a":0,"k":[121,38.5,0],"ix":2},"a":{"a":0,"k":[20,71.5,0],"ix":1},"s":{"a":0,"k":[100,100,100],"ix":6}},"ao":0,"ip":0,"op":900,"st":0,"bm":0},{"ddd":0,"ind":15,"ty":2,"nm":"Mesa","refId":"image_12","sr":1,"ks":{"o":{"a":0,"k":100,"ix":11},"r":{"a":0,"k":0,"ix":10},"p":{"a":0,"k":[881.5,856.5,0],"ix":2},"a":{"a":0,"k":[528.5,180.5,0],"ix":1},"s":{"a":0,"k":[100,100,100],"ix":6}},"ao":0,"ip":0,"op":900,"st":0,"bm":0},{"ddd":0,"ind":16,"ty":2,"nm":"Torso","parent":30,"refId":"image_13","sr":1,"ks":{"o":{"a":0,"k":100,"ix":11},"r":{"a":0,"k":0,"ix":10},"p":{"a":0,"k":[130,51.5,0],"ix":2},"a":{"a":0,"k":[106,344.5,0],"ix":1},"s":{"a":1,"k":[{"i":{"x":[0.667,0.667,0.667],"y":[1,1,1]},"o":{"x":[0.333,0.333,0.333],"y":[0,0,0]},"t":1.5,"s":[100,100,100]},{"i":{"x":[0.667,0.667,0.667],"y":[1,1,1]},"o":{"x":[0.333,0.333,0.333],"y":[0,0,0]},"t":4,"s":[100,97,100]},{"t":7,"s":[100,100,100]}],"ix":6}},"ao":0,"ip":0,"op":900,"st":0,"bm":0},{"ddd":0,"ind":18,"ty":2,"nm":"Ensalada","refId":"image_14","sr":1,"ks":{"o":{"a":0,"k":100,"ix":11},"r":{"a":0,"k":0,"ix":10},"p":{"a":0,"k":[817.5,233,0],"ix":2},"a":{"a":0,"k":[47.5,62,0],"ix":1},"s":{"a":1,"k":[{"i":{"x":[0.667,0.667,0.667],"y":[1,1,1]},"o":{"x":[0.333,0.333,0.333],"y":[0,0,0]},"t":57.5,"s":[0,0,100]},{"i":{"x":[0.667,0.667,0.667],"y":[1,1,1]},"o":{"x":[0.333,0.333,0.333],"y":[0,0,0]},"t":63.5,"s":[108,108,100]},{"t":69,"s":[100,100,100]}],"ix":6}},"ao":0,"ip":0,"op":900,"st":0,"bm":0},{"ddd":0,"ind":19,"ty":2,"nm":"Pavo","refId":"image_15","sr":1,"ks":{"o":{"a":0,"k":100,"ix":11},"r":{"a":0,"k":0,"ix":10},"p":{"a":0,"k":[866,260.5,0],"ix":2},"a":{"a":0,"k":[43,48.5,0],"ix":1},"s":{"a":0,"k":[0,0,100],"ix":6}},"ao":0,"ip":0,"op":900,"st":0,"bm":0},{"ddd":0,"ind":20,"ty":2,"nm":"Pescado","refId":"image_16","sr":1,"ks":{"o":{"a":0,"k":100,"ix":11},"r":{"a":0,"k":0,"ix":10},"p":{"a":0,"k":[866.5,263.5,0],"ix":2},"a":{"a":0,"k":[53.5,63.5,0],"ix":1},"s":{"a":0,"k":[0,0,100],"ix":6}},"ao":0,"ip":0,"op":900,"st":0,"bm":0},{"ddd":0,"ind":21,"ty":2,"nm":"Pollo","refId":"image_17","sr":1,"ks":{"o":{"a":0,"k":100,"ix":11},"r":{"a":0,"k":0,"ix":10},"p":{"a":0,"k":[864.5,260,0],"ix":2},"a":{"a":0,"k":[49.5,49,0],"ix":1},"s":{"a":1,"k":[{"i":{"x":[0.667,0.667,0.667],"y":[1,1,1]},"o":{"x":[0.333,0.333,0.333],"y":[0,0,0]},"t":106,"s":[0,0,100]},{"i":{"x":[0.667,0.667,0.667],"y":[1,1,1]},"o":{"x":[0.333,0.333,0.333],"y":[0,0,0]},"t":112,"s":[108,108,100]},{"i":{"x":[0.667,0.667,0.667],"y":[1,1,1]},"o":{"x":[0.167,0.167,0.167],"y":[0,0,0]},"t":117.5,"s":[100,100,100]},{"t":126.5,"s":[100,100,100]}],"ix":6}},"ao":0,"ip":0,"op":900,"st":0,"bm":0},{"ddd":0,"ind":22,"ty":2,"nm":"Izquierda","parent":28,"refId":"image_18","sr":1,"ks":{"o":{"a":0,"k":100,"ix":11},"r":{"a":1,"k":[{"i":{"x":[0.225],"y":[0.115]},"o":{"x":[0.184],"y":[-0.004]},"t":7.029,"s":[0]},{"i":{"x":[0.833],"y":[1]},"o":{"x":[0.167],"y":[0]},"t":16.5,"s":[-44.245]},{"i":{"x":[0.833],"y":[1]},"o":{"x":[0.167],"y":[0]},"t":51,"s":[-44.245]},{"i":{"x":[0.833],"y":[1]},"o":{"x":[0.167],"y":[0]},"t":56,"s":[-63.286]},{"i":{"x":[0.833],"y":[1]},"o":{"x":[0.167],"y":[0]},"t":60.5,"s":[-44.245]},{"i":{"x":[0.833],"y":[1]},"o":{"x":[0.167],"y":[0]},"t":104.5,"s":[-44.245]},{"i":{"x":[0.833],"y":[1]},"o":{"x":[0.167],"y":[0]},"t":109.5,"s":[-63.286]},{"t":114,"s":[-44.245]}],"ix":10},"p":{"a":0,"k":[20.217,20.727,0],"ix":2},"a":{"a":0,"k":[89.5,64.5,0],"ix":1},"s":{"a":0,"k":[100,100,100],"ix":6}},"ao":0,"ip":0,"op":900,"st":0,"bm":0},{"ddd":0,"ind":23,"ty":4,"nm":"Line 4","sr":1,"ks":{"o":{"a":0,"k":100,"ix":11},"r":{"a":1,"k":[{"i":{"x":[0.667],"y":[1]},"o":{"x":[0.333],"y":[0]},"t":19,"s":[106.523]},{"t":26.5,"s":[43.544]}],"ix":10},"p":{"a":0,"k":[840,247,0],"ix":2},"a":{"a":0,"k":[-123,-289,0],"ix":1},"s":{"a":0,"k":[-100,-100,100],"ix":6}},"ao":0,"shapes":[{"ty":"gr","it":[{"ind":0,"ty":"sh","ix":1,"ks":{"a":0,"k":{"i":[[0,0],[0,0]],"o":[[0,0],[0,0]],"v":[[-195,-379],[-241,-420]],"c":false},"ix":2},"nm":"Path 1","mn":"ADBE Vector Shape - Group","hd":false},{"ty":"st","c":{"a":0,"k":[0.878431432387,0.925490255917,0.949019667682,1],"ix":3},"o":{"a":0,"k":100,"ix":4},"w":{"a":0,"k":11,"ix":5},"lc":2,"lj":2,"bm":0,"nm":"Stroke 1","mn":"ADBE Vector Graphic - Stroke","hd":false},{"ty":"tr","p":{"a":0,"k":[0,0],"ix":2},"a":{"a":0,"k":[0,0],"ix":1},"s":{"a":0,"k":[100,100],"ix":3},"r":{"a":0,"k":0,"ix":6},"o":{"a":0,"k":100,"ix":7},"sk":{"a":0,"k":0,"ix":4},"sa":{"a":0,"k":0,"ix":5},"nm":"Transform"}],"nm":"Shape 1","np":3,"cix":2,"bm":0,"ix":1,"mn":"ADBE Vector Group","hd":false},{"ty":"tm","s":{"a":1,"k":[{"i":{"x":[0.667],"y":[1]},"o":{"x":[0.333],"y":[0]},"t":23,"s":[0]},{"t":27,"s":[100]}],"ix":1},"e":{"a":1,"k":[{"i":{"x":[0.667],"y":[1]},"o":{"x":[0.333],"y":[0]},"t":19,"s":[0]},{"t":23,"s":[100]}],"ix":2},"o":{"a":0,"k":0,"ix":3},"m":1,"ix":2,"nm":"Trim Paths 1","mn":"ADBE Vector Filter - Trim","hd":false}],"ip":0,"op":900,"st":0,"bm":0},{"ddd":0,"ind":24,"ty":4,"nm":"Line 3","sr":1,"ks":{"o":{"a":0,"k":100,"ix":11},"r":{"a":1,"k":[{"i":{"x":[0.667],"y":[1]},"o":{"x":[0.333],"y":[0]},"t":19,"s":[106.523]},{"t":26.5,"s":[43.544]}],"ix":10},"p":{"a":0,"k":[840,247,0],"ix":2},"a":{"a":0,"k":[-120,-289,0],"ix":1},"s":{"a":0,"k":[100,-100,100],"ix":6}},"ao":0,"shapes":[{"ty":"gr","it":[{"ind":0,"ty":"sh","ix":1,"ks":{"a":0,"k":{"i":[[0,0],[0,0]],"o":[[0,0],[0,0]],"v":[[-195,-379],[-241,-420]],"c":false},"ix":2},"nm":"Path 1","mn":"ADBE Vector Shape - Group","hd":false},{"ty":"st","c":{"a":0,"k":[0.878431432387,0.925490255917,0.949019667682,1],"ix":3},"o":{"a":0,"k":100,"ix":4},"w":{"a":0,"k":11,"ix":5},"lc":2,"lj":2,"bm":0,"nm":"Stroke 1","mn":"ADBE Vector Graphic - Stroke","hd":false},{"ty":"tr","p":{"a":0,"k":[0,0],"ix":2},"a":{"a":0,"k":[0,0],"ix":1},"s":{"a":0,"k":[100,100],"ix":3},"r":{"a":0,"k":0,"ix":6},"o":{"a":0,"k":100,"ix":7},"sk":{"a":0,"k":0,"ix":4},"sa":{"a":0,"k":0,"ix":5},"nm":"Transform"}],"nm":"Shape 1","np":3,"cix":2,"bm":0,"ix":1,"mn":"ADBE Vector Group","hd":false},{"ty":"tm","s":{"a":1,"k":[{"i":{"x":[0.667],"y":[1]},"o":{"x":[0.333],"y":[0]},"t":23,"s":[0]},{"t":27,"s":[100]}],"ix":1},"e":{"a":1,"k":[{"i":{"x":[0.667],"y":[1]},"o":{"x":[0.333],"y":[0]},"t":19,"s":[0]},{"t":23,"s":[100]}],"ix":2},"o":{"a":0,"k":0,"ix":3},"m":1,"ix":2,"nm":"Trim Paths 1","mn":"ADBE Vector Filter - Trim","hd":false}],"ip":0,"op":900,"st":0,"bm":0},{"ddd":0,"ind":25,"ty":4,"nm":"Line 2","sr":1,"ks":{"o":{"a":0,"k":100,"ix":11},"r":{"a":1,"k":[{"i":{"x":[0.667],"y":[1]},"o":{"x":[0.333],"y":[0]},"t":19,"s":[106.523]},{"t":26.5,"s":[43.544]}],"ix":10},"p":{"a":0,"k":[840,247,0],"ix":2},"a":{"a":0,"k":[-123,-293,0],"ix":1},"s":{"a":0,"k":[-100,100,100],"ix":6}},"ao":0,"shapes":[{"ty":"gr","it":[{"ind":0,"ty":"sh","ix":1,"ks":{"a":0,"k":{"i":[[0,0],[0,0]],"o":[[0,0],[0,0]],"v":[[-195,-379],[-241,-420]],"c":false},"ix":2},"nm":"Path 1","mn":"ADBE Vector Shape - Group","hd":false},{"ty":"st","c":{"a":0,"k":[0.878431432387,0.925490255917,0.949019667682,1],"ix":3},"o":{"a":0,"k":100,"ix":4},"w":{"a":0,"k":11,"ix":5},"lc":2,"lj":2,"bm":0,"nm":"Stroke 1","mn":"ADBE Vector Graphic - Stroke","hd":false},{"ty":"tr","p":{"a":0,"k":[0,0],"ix":2},"a":{"a":0,"k":[0,0],"ix":1},"s":{"a":0,"k":[100,100],"ix":3},"r":{"a":0,"k":0,"ix":6},"o":{"a":0,"k":100,"ix":7},"sk":{"a":0,"k":0,"ix":4},"sa":{"a":0,"k":0,"ix":5},"nm":"Transform"}],"nm":"Shape 1","np":3,"cix":2,"bm":0,"ix":1,"mn":"ADBE Vector Group","hd":false},{"ty":"tm","s":{"a":1,"k":[{"i":{"x":[0.667],"y":[1]},"o":{"x":[0.333],"y":[0]},"t":23,"s":[0]},{"t":27,"s":[100]}],"ix":1},"e":{"a":1,"k":[{"i":{"x":[0.667],"y":[1]},"o":{"x":[0.333],"y":[0]},"t":19,"s":[0]},{"t":23,"s":[100]}],"ix":2},"o":{"a":0,"k":0,"ix":3},"m":1,"ix":2,"nm":"Trim Paths 1","mn":"ADBE Vector Filter - Trim","hd":false}],"ip":0,"op":900,"st":0,"bm":0},{"ddd":0,"ind":26,"ty":4,"nm":"Line 1","sr":1,"ks":{"o":{"a":0,"k":100,"ix":11},"r":{"a":1,"k":[{"i":{"x":[0.667],"y":[1]},"o":{"x":[0.333],"y":[0]},"t":19,"s":[106.523]},{"t":26.5,"s":[43.544]}],"ix":10},"p":{"a":0,"k":[840,247,0],"ix":2},"a":{"a":0,"k":[-120,-293,0],"ix":1},"s":{"a":0,"k":[100,100,100],"ix":6}},"ao":0,"shapes":[{"ty":"gr","it":[{"ind":0,"ty":"sh","ix":1,"ks":{"a":0,"k":{"i":[[0,0],[0,0]],"o":[[0,0],[0,0]],"v":[[-195,-379],[-241,-420]],"c":false},"ix":2},"nm":"Path 1","mn":"ADBE Vector Shape - Group","hd":false},{"ty":"st","c":{"a":0,"k":[0.878431432387,0.925490255917,0.949019667682,1],"ix":3},"o":{"a":0,"k":100,"ix":4},"w":{"a":0,"k":11,"ix":5},"lc":2,"lj":2,"bm":0,"nm":"Stroke 1","mn":"ADBE Vector Graphic - Stroke","hd":false},{"ty":"tr","p":{"a":0,"k":[0,0],"ix":2},"a":{"a":0,"k":[0,0],"ix":1},"s":{"a":0,"k":[100,100],"ix":3},"r":{"a":0,"k":0,"ix":6},"o":{"a":0,"k":100,"ix":7},"sk":{"a":0,"k":0,"ix":4},"sa":{"a":0,"k":0,"ix":5},"nm":"Transform"}],"nm":"Shape 1","np":3,"cix":2,"bm":0,"ix":1,"mn":"ADBE Vector Group","hd":false},{"ty":"tm","s":{"a":1,"k":[{"i":{"x":[0.667],"y":[1]},"o":{"x":[0.333],"y":[0]},"t":23,"s":[0]},{"t":27,"s":[100]}],"ix":1},"e":{"a":1,"k":[{"i":{"x":[0.667],"y":[1]},"o":{"x":[0.333],"y":[0]},"t":19,"s":[0]},{"t":23,"s":[100]}],"ix":2},"o":{"a":0,"k":0,"ix":3},"m":1,"ix":2,"nm":"Trim Paths 1","mn":"ADBE Vector Filter - Trim","hd":false}],"ip":0,"op":900,"st":0,"bm":0},{"ddd":0,"ind":27,"ty":2,"nm":"Plato","refId":"image_19","sr":1,"ks":{"o":{"a":0,"k":100,"ix":11},"r":{"a":0,"k":0,"ix":10},"p":{"a":0,"k":[840,247,0],"ix":2},"a":{"a":0,"k":[100,105,0],"ix":1},"s":{"a":1,"k":[{"i":{"x":[0.667,0.667,0.667],"y":[1,1,1]},"o":{"x":[0.333,0.333,0.333],"y":[0,0,0]},"t":18,"s":[0,0,100]},{"i":{"x":[0.667,0.667,0.667],"y":[1,1,1]},"o":{"x":[0.333,0.333,0.333],"y":[0,0,0]},"t":24,"s":[108,108,100]},{"t":29.5,"s":[100,100,100]}],"ix":6}},"ao":0,"ip":0,"op":900,"st":0,"bm":0},{"ddd":0,"ind":28,"ty":2,"nm":"Antebrazo izq","parent":29,"refId":"image_20","sr":1,"ks":{"o":{"a":0,"k":100,"ix":11},"r":{"a":1,"k":[{"i":{"x":[0.225],"y":[1.376]},"o":{"x":[0.184],"y":[0.002]},"t":7.029,"s":[-58.67]},{"i":{"x":[0.833],"y":[1]},"o":{"x":[0.167],"y":[0]},"t":16.5,"s":[45.381]},{"i":{"x":[0.833],"y":[1]},"o":{"x":[0.167],"y":[0]},"t":51,"s":[45.381]},{"i":{"x":[0.833],"y":[1]},"o":{"x":[0.167],"y":[0]},"t":56,"s":[33.921]},{"i":{"x":[0.833],"y":[1]},"o":{"x":[0.167],"y":[0]},"t":60.5,"s":[45.381]},{"i":{"x":[0.833],"y":[1]},"o":{"x":[0.167],"y":[0]},"t":104.5,"s":[45.381]},{"i":{"x":[0.833],"y":[1]},"o":{"x":[0.167],"y":[0]},"t":109.5,"s":[33.921]},{"t":114,"s":[45.381]}],"ix":10},"p":{"a":0,"k":[22.241,117.611,0],"ix":2},"a":{"a":0,"k":[92.5,70.5,0],"ix":1},"s":{"a":0,"k":[100,100,100],"ix":6}},"ao":0,"ip":0,"op":900,"st":0,"bm":0},{"ddd":0,"ind":29,"ty":2,"nm":"Hombro izquierdo","parent":16,"refId":"image_21","sr":1,"ks":{"o":{"a":0,"k":100,"ix":11},"r":{"a":1,"k":[{"i":{"x":[0.225],"y":[1.885]},"o":{"x":[0.184],"y":[0.004]},"t":7.029,"s":[-43.4]},{"t":16.5,"s":[0.835]}],"ix":10},"p":{"a":0,"k":[77.5,33.5,0],"ix":2},"a":{"a":0,"k":[201.5,22.5,0],"ix":1},"s":{"a":0,"k":[100,100,100],"ix":6}},"ao":0,"ip":0,"op":900,"st":0,"bm":0},{"ddd":0,"ind":30,"ty":2,"nm":"Piernas","refId":"image_22","sr":1,"ks":{"o":{"a":0,"k":100,"ix":11},"r":{"a":0,"k":0,"ix":10},"p":{"a":0,"k":[1105,697.5,0],"ix":2},"a":{"a":0,"k":[125,50.5,0],"ix":1},"s":{"a":0,"k":[100,100,100],"ix":6}},"ao":0,"ip":0,"op":900,"st":0,"bm":0}]}],"fonts":{"list":[{"fName":"EffraCorp-Regular","fFamily":"Effra Corp","fStyle":"Regular","ascent":66.69921875}]},"layers":[{"ddd":0,"ind":1,"ty":0,"nm":"Ensalada","refId":"comp_0","sr":1,"ks":{"o":{"a":0,"k":100,"ix":11},"r":{"a":0,"k":0,"ix":10},"p":{"a":0,"k":[686,382,0],"ix":2},"a":{"a":0,"k":[960,540,0],"ix":1},"s":{"a":0,"k":[43.333,43.333,100],"ix":6}},"ao":0,"hasMask":true,"masksProperties":[{"inv":false,"mode":"a","pt":{"a":0,"k":{"i":[[166.96,0],[0,-166.96],[-166.96,0],[0,166.96]],"o":[[-166.96,0],[0,166.96],[166.96,0],[0,-166.96]],"v":[[999.231,27.692],[696.923,330],[999.231,632.308],[1301.538,330]],"c":true},"ix":1},"o":{"a":0,"k":100,"ix":3},"x":{"a":0,"k":0,"ix":4},"nm":"Mask 1"}],"w":1920,"h":1080,"ip":70,"op":917,"st":70,"bm":0},{"ddd":0,"ind":2,"ty":2,"nm":"Flecha","refId":"image_23","sr":1,"ks":{"o":{"a":0,"k":100,"ix":11},"r":{"a":1,"k":[{"i":{"x":[0],"y":[1.021]},"o":{"x":[0.215],"y":[-0.008]},"t":13,"s":[-135.87]},{"t":72,"s":[-61.223]}],"ix":10},"p":{"a":0,"k":[960.83,747.848,0],"ix":2},"a":{"a":0,"k":[90.499,281.122,0],"ix":1},"s":{"a":0,"k":[100,100,100],"ix":6}},"ao":0,"ip":0,"op":210,"st":0,"bm":0},{"ddd":0,"ind":3,"ty":2,"nm":"Círculo","refId":"image_24","sr":1,"ks":{"o":{"a":0,"k":100,"ix":11},"r":{"a":0,"k":0,"ix":10},"p":{"a":0,"k":[960.83,747.848,0],"ix":2},"a":{"a":0,"k":[226.023,226.023,0],"ix":1},"s":{"a":0,"k":[100,100,100],"ix":6}},"ao":0,"ip":0,"op":210,"st":0,"bm":0},{"ddd":0,"ind":4,"ty":2,"nm":"Resultado 4","refId":"image_25","sr":1,"ks":{"o":{"a":0,"k":100,"ix":11},"r":{"a":0,"k":0,"ix":10},"p":{"a":0,"k":[1329.051,655.67,0],"ix":2},"a":{"a":0,"k":[26.69,40.026,0],"ix":1},"s":{"a":0,"k":[100,100,100],"ix":6}},"ao":0,"ip":0,"op":210,"st":0,"bm":0},{"ddd":0,"ind":5,"ty":2,"nm":"Resultado 3","refId":"image_26","sr":1,"ks":{"o":{"a":0,"k":100,"ix":11},"r":{"a":0,"k":0,"ix":10},"p":{"a":0,"k":[1110.841,443.076,0],"ix":2},"a":{"a":0,"k":[85.03,50.719,0],"ix":1},"s":{"a":0,"k":[100,100,100],"ix":6}},"ao":0,"ip":0,"op":210,"st":0,"bm":0},{"ddd":0,"ind":6,"ty":5,"nm":"OVERWEIGHT","sr":1,"ks":{"o":{"a":1,"k":[{"i":{"x":[0.23],"y":[1.003]},"o":{"x":[0.135],"y":[0]},"t":72,"s":[0]},{"t":77,"s":[100]}],"ix":11},"r":{"a":0,"k":-25.213,"ix":10},"p":{"a":0,"k":[560,240,0],"ix":2},"a":{"a":0,"k":[0,0,0],"ix":1},"s":{"a":0,"k":[69.752,69.752,100],"ix":6}},"ao":0,"hasMask":true,"masksProperties":[{"inv":false,"mode":"n","pt":{"a":0,"k":{"i":[[0,0],[-240.547,-52.474]],"o":[[0,0],[240.548,52.474]],"v":[[-61.691,13.475],[496.144,12.771]],"c":false},"ix":1},"o":{"a":0,"k":100,"ix":3},"x":{"a":0,"k":0,"ix":4},"nm":"Mask 1"}],"t":{"d":{"k":[{"s":{"s":87,"f":"EffraCorp-Regular","t":"OVERWEIGHT","j":0,"tr":-40,"lh":104.4,"ls":0,"fc":[0.02,0.173,0.173]},"t":0}]},"p":{"m":0,"f":{"a":0,"k":0,"ix":5},"l":{"a":0,"k":0,"ix":6},"a":0,"p":1,"r":0},"m":{"g":1,"a":{"a":0,"k":[0,0],"ix":2}},"a":[]},"ip":0,"op":210,"st":0,"bm":0},{"ddd":0,"ind":8,"ty":2,"nm":"Resultado 2","refId":"image_27","sr":1,"ks":{"o":{"a":0,"k":100,"ix":11},"r":{"a":0,"k":0,"ix":10},"p":{"a":0,"k":[794.876,447.553,0],"ix":2},"a":{"a":0,"k":[85.104,49.234,0],"ix":1},"s":{"a":0,"k":[100,100,100],"ix":6}},"ao":0,"ip":0,"op":210,"st":0,"bm":0},{"ddd":0,"ind":9,"ty":2,"nm":"Resultado 1","refId":"image_28","sr":1,"ks":{"o":{"a":0,"k":100,"ix":11},"r":{"a":0,"k":0,"ix":10},"p":{"a":0,"k":[592.559,669.307,0],"ix":2},"a":{"a":0,"k":[51.531,114.363,0],"ix":1},"s":{"a":0,"k":[100,100,100],"ix":6}},"ao":0,"ip":0,"op":210,"st":0,"bm":0},{"ddd":0,"ind":10,"ty":2,"nm":"Colores","refId":"image_29","sr":1,"ks":{"o":{"a":0,"k":100,"ix":11},"r":{"a":0,"k":0,"ix":10},"p":{"a":0,"k":[952.983,502.165,0],"ix":2},"a":{"a":0,"k":[621.967,305.69,0],"ix":1},"s":{"a":0,"k":[100,100,100],"ix":6}},"ao":0,"ip":0,"op":210,"st":0,"bm":0},{"ddd":0,"ind":11,"ty":2,"nm":"Barra con resultado","refId":"image_30","sr":1,"ks":{"o":{"a":0,"k":100,"ix":11},"r":{"a":0,"k":0,"ix":10},"p":{"a":0,"k":[952.99,589.485,0],"ix":2},"a":{"a":0,"k":[436.625,218.368,0],"ix":1},"s":{"a":0,"k":[100,100,100],"ix":6}},"ao":0,"ip":0,"op":210,"st":0,"bm":0}],"markers":[],"chars":[{"ch":"O","size":87,"style":"Regular","w":77.9,"data":{"shapes":[{"ty":"gr","it":[{"ind":0,"ty":"sh","ix":1,"ks":{"a":0,"k":{"i":[[-4.167,1.833],[-3.067,3.167],[-1.734,4.267],[0,4.867],[1.733,4.234],[3.066,3.167],[4.166,1.834],[4.8,0],[4.166,-1.833],[3.033,-3.166],[1.733,-4.233],[0,-4.866],[-1.734,-4.266],[-3.067,-3.166],[-4.134,-1.833],[-4.8,0]],"o":[[4.166,-1.833],[3.066,-3.166],[1.733,-4.266],[0,-4.866],[-1.734,-4.233],[-3.067,-3.166],[-4.167,-1.833],[-4.8,0],[-4.167,1.834],[-3.034,3.167],[-1.734,4.234],[0,4.867],[1.733,4.267],[3.066,3.167],[4.133,1.833],[4.8,0]],"v":[[52.35,-1.05],[63.2,-8.55],[70.4,-19.7],[73,-33.4],[70.4,-47.05],[63.2,-58.15],[52.35,-65.65],[38.9,-68.4],[25.45,-65.65],[14.65,-58.15],[7.5,-47.05],[4.9,-33.4],[7.5,-19.7],[14.7,-8.55],[25.5,-1.05],[38.9,1.7]],"c":true},"ix":2},"nm":"O","mn":"ADBE Vector Shape - Group","hd":false},{"ind":1,"ty":"sh","ix":2,"ks":{"a":0,"k":{"i":[[2.933,1.4],[2.1,2.4],[1.133,3.167],[0,3.534],[-1.134,3.167],[-2.1,2.4],[-2.934,1.367],[-3.667,0],[-2.967,-1.366],[-2.1,-2.4],[-1.134,-3.166],[0,-3.6],[1.133,-3.166],[2.1,-2.4],[2.966,-1.4],[3.666,0]],"o":[[-2.934,-1.4],[-2.1,-2.4],[-1.134,-3.166],[0,-3.6],[1.133,-3.166],[2.1,-2.4],[2.933,-1.366],[3.666,0],[2.966,1.367],[2.1,2.4],[1.133,3.167],[0,3.534],[-1.134,3.167],[-2.1,2.4],[-2.967,1.4],[-3.667,0]],"v":[[29,-9.4],[21.45,-15.1],[16.6,-23.45],[14.9,-33.5],[16.6,-43.65],[21.45,-52],[29,-57.65],[38.9,-59.7],[48.85,-57.65],[56.45,-52],[61.3,-43.65],[63,-33.5],[61.3,-23.45],[56.45,-15.1],[48.85,-9.4],[38.9,-7.3]],"c":true},"ix":2},"nm":"O","mn":"ADBE Vector Shape - Group","hd":false}],"nm":"O","np":5,"cix":2,"bm":0,"ix":1,"mn":"ADBE Vector Group","hd":false}]},"fFamily":"Effra Corp"},{"ch":"V","size":87,"style":"Regular","w":63.4,"data":{"shapes":[{"ty":"gr","it":[{"ind":0,"ty":"sh","ix":1,"ks":{"a":0,"k":{"i":[[0,0],[0,0],[0,0],[0,0],[0,0],[0,0],[0,0]],"o":[[0,0],[0,0],[0,0],[0,0],[0,0],[0,0],[0,0]],"v":[[26.8,0],[36.6,0],[62.4,-66.7],[52.3,-66.7],[32,-11.9],[11.7,-66.7],[1,-66.7]],"c":true},"ix":2},"nm":"V","mn":"ADBE Vector Shape - Group","hd":false}],"nm":"V","np":3,"cix":2,"bm":0,"ix":1,"mn":"ADBE Vector Group","hd":false}]},"fFamily":"Effra Corp"},{"ch":"E","size":87,"style":"Regular","w":56.4,"data":{"shapes":[{"ty":"gr","it":[{"ind":0,"ty":"sh","ix":1,"ks":{"a":0,"k":{"i":[[0,0],[0,0],[0,0],[0,0],[0,0],[0,0],[0,0],[0,0],[0,0],[0,0],[0,0],[0,0]],"o":[[0,0],[0,0],[0,0],[0,0],[0,0],[0,0],[0,0],[0,0],[0,0],[0,0],[0,0],[0,0]],"v":[[7.6,0],[52,0],[52,-8.6],[17.2,-8.6],[17.2,-30.2],[41.6,-30.2],[41.6,-38.8],[17.2,-38.8],[17.2,-58.2],[49.6,-58.2],[49.6,-66.7],[7.6,-66.7]],"c":true},"ix":2},"nm":"E","mn":"ADBE Vector Shape - Group","hd":false}],"nm":"E","np":3,"cix":2,"bm":0,"ix":1,"mn":"ADBE Vector Group","hd":false}]},"fFamily":"Effra Corp"},{"ch":"R","size":87,"style":"Regular","w":59,"data":{"shapes":[{"ty":"gr","it":[{"ind":0,"ty":"sh","ix":1,"ks":{"a":0,"k":{"i":[[0,0],[0,0],[0,0],[0,0],[0,0],[0,0],[0,0],[-2,3.267],[0,4.267],[0.833,2.334],[1.833,1.834],[2.933,1.167],[4.266,0],[0,0]],"o":[[0,0],[0,0],[0,0],[0,0],[0,0],[0,0],[4.2,-1.6],[2,-3.266],[0,-2.4],[-0.834,-2.333],[-1.834,-1.833],[-2.934,-1.166],[0,0],[0,0]],"v":[[7.6,0],[16.9,0],[16.9,-27.3],[30.3,-27.3],[44.6,0],[55.4,0],[39.8,-28.5],[49.1,-35.8],[52.1,-47.1],[50.85,-54.2],[46.85,-60.45],[39.7,-64.95],[28.9,-66.7],[7.6,-66.7]],"c":true},"ix":2},"nm":"R","mn":"ADBE Vector Shape - Group","hd":false},{"ind":1,"ty":"sh","ix":2,"ks":{"a":0,"k":{"i":[[0,0],[0,0],[0,0],[-2.267,-2.033],[0,-3.666],[2.1,-2.066],[4.2,0]],"o":[[0,0],[0,0],[4,0],[2.266,2.034],[0,3.467],[-2.1,2.067],[0,0]],"v":[[16.9,-35.4],[16.9,-58.4],[29.5,-58.4],[38.9,-55.35],[42.3,-46.8],[39.15,-38.5],[29.7,-35.4]],"c":true},"ix":2},"nm":"R","mn":"ADBE Vector Shape - Group","hd":false}],"nm":"R","np":5,"cix":2,"bm":0,"ix":1,"mn":"ADBE Vector Group","hd":false}]},"fFamily":"Effra Corp"},{"ch":"W","size":87,"style":"Regular","w":87.8,"data":{"shapes":[{"ty":"gr","it":[{"ind":0,"ty":"sh","ix":1,"ks":{"a":0,"k":{"i":[[0,0],[0,0],[0,0],[0,0],[0,0],[0,0],[0,0],[0,0],[0,0],[0,0],[0,0],[0,0],[0,0]],"o":[[0,0],[0,0],[0,0],[0,0],[0,0],[0,0],[0,0],[0,0],[0,0],[0,0],[0,0],[0,0],[0,0]],"v":[[19.5,0],[29.6,0],[43.9,-49.3],[57.8,0],[68,0],[85.9,-66.7],[75.9,-66.7],[63.1,-13],[48.9,-64.7],[39.6,-64.7],[25.1,-12.9],[12.3,-66.7],[1.7,-66.7]],"c":true},"ix":2},"nm":"W","mn":"ADBE Vector Shape - Group","hd":false}],"nm":"W","np":3,"cix":2,"bm":0,"ix":1,"mn":"ADBE Vector Group","hd":false}]},"fFamily":"Effra Corp"},{"ch":"I","size":87,"style":"Regular","w":24.8,"data":{"shapes":[{"ty":"gr","it":[{"ind":0,"ty":"sh","ix":1,"ks":{"a":0,"k":{"i":[[0,0],[0,0],[0,0],[0,0]],"o":[[0,0],[0,0],[0,0],[0,0]],"v":[[7.6,0],[17.2,0],[17.2,-66.7],[7.6,-66.7]],"c":true},"ix":2},"nm":"I","mn":"ADBE Vector Shape - Group","hd":false}],"nm":"I","np":3,"cix":2,"bm":0,"ix":1,"mn":"ADBE Vector Group","hd":false}]},"fFamily":"Effra Corp"},{"ch":"G","size":87,"style":"Regular","w":72.1,"data":{"shapes":[{"ty":"gr","it":[{"ind":0,"ty":"sh","ix":1,"ks":{"a":0,"k":{"i":[[0,0],[0,0],[0,0],[2.7,-0.866],[3.866,0],[2.933,1.3],[2.166,2.3],[1.2,3.2],[0,3.867],[-1.1,3.234],[-2.034,2.4],[-2.934,1.4],[-3.667,0],[-1.967,-0.666],[-1.534,-1],[-1.134,-1.233],[-0.8,-1.133],[0,0],[1.466,1.534],[2.1,1.3],[2.8,0.834],[3.533,0],[4.1,-1.833],[2.933,-3.166],[1.633,-4.266],[0,-4.866],[-1.567,-4.233],[-2.967,-3.1],[-4.167,-1.766],[-5.2,0],[-2.667,0.5],[-2.167,0.834],[-1.634,1.067],[-1.267,1.134],[0,0],[0,0]],"o":[[0,0],[0,0],[-1.934,1.534],[-2.7,0.867],[-3.534,0],[-2.934,-1.3],[-2.167,-2.3],[-1.2,-3.2],[0,-3.6],[1.1,-3.233],[2.033,-2.4],[2.933,-1.4],[2.533,0],[1.966,0.667],[1.533,1],[1.133,1.234],[0,0],[-1,-1.4],[-1.467,-1.533],[-2.1,-1.3],[-2.8,-0.833],[-5,0],[-4.1,1.834],[-2.934,3.167],[-1.634,4.267],[0,5],[1.566,4.234],[2.966,3.1],[4.166,1.766],[3.333,0],[2.666,-0.5],[2.166,-0.833],[1.633,-1.066],[0,0],[0,0],[0,0]],"v":[[41.7,-25.6],[55.9,-25.6],[55.9,-12],[48.95,-8.4],[39.1,-7.1],[29.4,-9.05],[21.75,-14.45],[16.7,-22.7],[14.9,-33.3],[16.55,-43.55],[21.25,-52],[28.7,-57.7],[38.6,-59.8],[45.35,-58.8],[50.6,-56.3],[54.6,-52.95],[57.5,-49.4],[64.3,-55.2],[60.6,-59.6],[55.25,-63.85],[47.9,-67.05],[38.4,-68.3],[24.75,-65.55],[14.2,-58.05],[7.35,-46.9],[4.9,-33.2],[7.25,-19.35],[14.05,-8.35],[24.75,-1.05],[38.8,1.6],[47.8,0.85],[55.05,-1.15],[60.75,-4],[65.1,-7.3],[65.1,-33.9],[41.7,-33.9]],"c":true},"ix":2},"nm":"G","mn":"ADBE Vector Shape - Group","hd":false}],"nm":"G","np":3,"cix":2,"bm":0,"ix":1,"mn":"ADBE Vector Group","hd":false}]},"fFamily":"Effra Corp"},{"ch":"H","size":87,"style":"Regular","w":70.9,"data":{"shapes":[{"ty":"gr","it":[{"ind":0,"ty":"sh","ix":1,"ks":{"a":0,"k":{"i":[[0,0],[0,0],[0,0],[0,0],[0,0],[0,0],[0,0],[0,0],[0,0],[0,0],[0,0],[0,0]],"o":[[0,0],[0,0],[0,0],[0,0],[0,0],[0,0],[0,0],[0,0],[0,0],[0,0],[0,0],[0,0]],"v":[[7.6,0],[17.2,0],[17.2,-30.2],[53.7,-30.2],[53.7,0],[63.3,0],[63.3,-66.7],[53.7,-66.7],[53.7,-38.8],[17.2,-38.8],[17.2,-66.7],[7.6,-66.7]],"c":true},"ix":2},"nm":"H","mn":"ADBE Vector Shape - Group","hd":false}],"nm":"H","np":3,"cix":2,"bm":0,"ix":1,"mn":"ADBE Vector Group","hd":false}]},"fFamily":"Effra Corp"},{"ch":"T","size":87,"style":"Regular","w":62.6,"data":{"shapes":[{"ty":"gr","it":[{"ind":0,"ty":"sh","ix":1,"ks":{"a":0,"k":{"i":[[0,0],[0,0],[0,0],[0,0],[0,0],[0,0],[0,0],[0,0]],"o":[[0,0],[0,0],[0,0],[0,0],[0,0],[0,0],[0,0],[0,0]],"v":[[26.3,0],[35.9,0],[35.9,-58.3],[59.7,-58.3],[59.7,-66.7],[2.4,-66.7],[2.4,-58.3],[26.3,-58.3]],"c":true},"ix":2},"nm":"T","mn":"ADBE Vector Shape - Group","hd":false}],"nm":"T","np":3,"cix":2,"bm":0,"ix":1,"mn":"ADBE Vector Group","hd":false}]},"fFamily":"Effra Corp"}]}